{
    "0": {
        "precision": 0.8090185676392573,
        "recall": 0.9553641346906813,
        "f1-score": 0.8761220825852782,
        "support": 1277.0
    },
    "1": {
        "precision": 0.9023190442726634,
        "recall": 0.8111181301326595,
        "f1-score": 0.8542914171656687,
        "support": 1583.0
    },
    "2": {
        "precision": 0.7883597883597884,
        "recall": 0.720677146311971,
        "f1-score": 0.7530006317119393,
        "support": 827.0
    },
    "accuracy": 0.8407919717927854,
    "macro avg": {
        "precision": 0.8332324667572363,
        "recall": 0.8290531370451039,
        "f1-score": 0.8278047104876287,
        "support": 3687.0
    },
    "weighted avg": {
        "precision": 0.8444429896752108,
        "recall": 0.8407919717927854,
        "f1-score": 0.8391328275726682,
        "support": 3687.0
    }
}