{
    "0": {
        "precision": 0.8127090301003345,
        "recall": 0.9589581689029203,
        "f1-score": 0.8797972483707458,
        "support": 2534.0
    },
    "1": {
        "precision": 0.8952750352609309,
        "recall": 0.8032268269534957,
        "f1-score": 0.8467567116891779,
        "support": 3161.0
    },
    "2": {
        "precision": 0.7910643889618922,
        "recall": 0.7283726557773744,
        "f1-score": 0.7584251968503937,
        "support": 1653.0
    },
    "accuracy": 0.8400925421883506,
    "macro avg": {
        "precision": 0.8330161514410527,
        "recall": 0.8301858838779301,
        "f1-score": 0.8283263856367724,
        "support": 7348.0
    },
    "weighted avg": {
        "precision": 0.8433585334360448,
        "recall": 0.8400925421883506,
        "f1-score": 0.838279946028125,
        "support": 7348.0
    }
}